{"cameraMode":{"drawMode":0,"name":"Shaded","section":"Shading Mode"},"sceneLighting":false,"audioPlay":false,"sceneViewState":{"m_AlwaysRefresh":false,"showFog":true,"showSkybox":false,"showFlares":true,"showImageEffects":true,"showParticleSystems":true,"showVisualEffectGraphs":true,"m_FxEnabled":true},"in2DMode":false,"pivot":{"x":1.9673843383789063,"y":3.7561588287353517,"z":-2.0517501831054689},"rotation":{"x":0.2551361322402954,"y":0.009284179657697678,"z":-0.002449773484840989,"w":0.9668601751327515},"size":35.97123718261719,"orthographic":true}