{"cameraMode":{"drawMode":0,"name":"Shaded","section":"Shading Mode"},"sceneLighting":false,"audioPlay":false,"sceneViewState":{"m_AlwaysRefresh":false,"showFog":true,"showSkybox":false,"showFlares":true,"showImageEffects":true,"showParticleSystems":true,"showVisualEffectGraphs":true,"m_FxEnabled":true},"in2DMode":false,"pivot":{"x":-5.354881286621094,"y":2.1479666233062746,"z":0.03829193115234375},"rotation":{"x":0.11819685995578766,"y":-0.02085214853286743,"z":0.002482055453583598,"w":0.9927694201469421},"size":1.7320507764816285,"orthographic":false}